{"cameraMode":{"drawMode":0,"name":"Shaded","section":"Shading Mode"},"sceneLighting":true,"audioPlay":false,"sceneViewState":{"showFog":true,"showMaterialUpdate":false,"showSkybox":true,"showFlares":true,"showImageEffects":true,"showParticleSystems":true,"showVisualEffectGraphs":true,"m_FxEnabled":true},"in2DMode":false,"pivot":{"x":3.6754751205444338,"y":-11.925943374633789,"z":-21.003482818603517},"rotation":{"x":-0.060179367661476138,"y":-0.9333653450012207,"z":0.30042216181755068,"w":-0.18697264790534974},"size":36.66115188598633,"orthographic":false}