{"cameraMode":{"drawMode":0,"name":"Shaded","section":"Shading Mode"},"sceneLighting":true,"audioPlay":false,"sceneViewState":{"showFog":true,"showMaterialUpdate":false,"showSkybox":true,"showFlares":true,"showImageEffects":true,"showParticleSystems":true,"showVisualEffectGraphs":true,"m_FxEnabled":true},"in2DMode":false,"pivot":{"x":12.853294372558594,"y":15.19920825958252,"z":15.867311477661133},"rotation":{"x":-0.08390440046787262,"y":-0.29294633865356448,"z":0.025817973539233209,"w":-0.9520980715751648},"size":27.043655395507814,"orthographic":false}